Dyson Supersonic 升級版風筒 HD03	2730
Dyson V8 Fluffy 無線吸塵機 (2019新型號 - 6個配件)	3180
Dyson Cyclone V10 Fluffy	3150
Dyson HP04	4930
Dyson TP04	3980
Dyson Supersonic HD01	2550
Dyson 無線吸塵機 V11 Absolute	4790
Dyson Rechargeable Battery (965874-02)	420
Dyson AM09	2990
Dyson Cyclone V10 Absolute	4220
Dyson 無線吸塵機 V11 Fluffy	4030
Dyson Airwrap Complete 造型器	3480
Dyson Air Multiplier 塔式無扇葉風扇 AM07	2190
Dyson Supersonic 風筒 專業版 HD02	2890
Dyson V8 Fluffy	2880
Dyson V8 Absolute	3680
Dyson HP03	4650
Dyson V6	2810
Dyson Pure Cool Me 個人空氣淨化風扇 BP01	2350
Dyson TP03	3562
Dyson 無線吸塵機 V11 Torque Drive	4440
BattPro Dyson V8 代用電池	690
BattPro Dyson V6 代用電池 (21.6V 1500mAh)	270
Dyson V7 Trigger	2068
Dyson Cyclone V10 Absolute+ [英國版][內附6個吸頭]	4999
Dyson DP04	3390
Dyson AM06	2080
Dyson V7 Fluffy+	2680
Case Station Dyson Rechargeable Battery V8	420
Dyson DP03	2912
Dyson V8 Absolute (英國版 6吸頭)	2610
Dyson AM02	3500
BattPro Dyson V7 代用電池	580
Dyson 三合一風扇暖風空氣清新機 HP00	3498
Dyson HP02	5300
Dyson 無線吸塵機 V11 Animal	4050
Dyson V8 Fluffy Pro	3490
Dyson TP02	3990
Dyson Cyclone V10 Animal	3380
BattPro Dyson V6 代用電池 (21.6V 3000mAh)	450
Dyson Supersonic 風筒 黑紫色禮盒	2680
Dyson Cyclone V10 Absolute 英國版	4390
Dyson AM05	3950
Dyson V7 Motorhead	1999
Dyson AM11 Pure Cool	4320
Dyson Airwrap Volume + Shape	3450
Dyson 手提式吸塵機 V7 Mattress	1890
Dyson TP03 FILTER	530
Dyson V8 Fluffy+	6800
Dyson Pre Filter 濾芯	170
Dyson V8 Animal	3288
Dyson V10 吸塵機電池 (969352-02)	798
Dyson Supersonic 風筒專用底座	380
Dyson HP01	5470
Dyson Supersonic 風筒紅色 配限量版金色禮盒	3250
Dyson Pure Cool 濾網 (AM11)	495
Dyson DC35	3058
Dyson V6 Fluffy	3550
Dyson Lightcycle	3398
Dyson V6 Mattress	2389
Dyson Battery Charger 917530-01	150
Dyson Soft Roller Cleaner Head (966489-01)	650
Dyson T2 掛架	548
Dyson HEPA Filter 969082-01	160
Dyson V7 Fluffy	3270
河田生活 Dyson V7系列 3500mAh Battery 代用鋰電池	520
Dyson V6 Total Clean	2930
Dyson HP04 Filter (玻璃HEPA濾網)	410
Dyson Battery Charger 917530-10	150
Dyson Supersonic 專業版 銀灰色	2890
Dyson Vacuum Charger 充電器	398
Dyson TP04 / DP04 Filter (玻璃HEPA濾網)	410
Dyson 軟絨毛滾筒吸頭 (966489-04) (適用於Dyson V7 / V8 / V10)	880
Dyson Supersonic 風筒 桃紅色配專用護髮梳	2770
Dyson Supersonic 風筒 粉紅禮盒特別版	2680
Dyson Supersonic 風筒 粉紅禮盒特別版	2680
Dyson V8 Absolute+ (V8 Absolute Plus)	3680
Dyson DC61 Animal	2691
Dyson AM10	4260
Dyson AM04	3450
Dyson DC44	3508
Dyson 除蟎床褥吸頭	309
Case Station Dyson Rechargeable Battery V8 3500mAh	420
DYSON Pure Cool Link座地式智能空氣淨化風扇濾網	480
Dyson Pure Cool Link Tower Replacement Filter	530
河田生活 Dyson V6系列 3000mAh Battery 代用鋰電池	420
河田生活 Dyson V8系列 4000mAh Battery 代用鋰電池	538
Dyson DC26	3858
Dyson DC74 Fluffy	2832
Dyson Airwrap Smooth + Control	3450
Dyson DC63 Turbinehead Pro	5140
Dyson Supersonic 風筒配專用收納袋	2980
Dyson Quick-release Extension Hose for V7 V8 V10 V11	299
Dyson Cyclone V10 Dok 收納架	1380
Dyson Supersonic 風筒 23.75K金限定別注版	3790
Dyson CSYS	4600
Dyson V6 Baby+Child	1600
Dyson V7 Car+Boat Cord-Free Handheld	1980
Dyson Wand 965663-01-06	580
Dyson DC62	3778
Dyson DP01	2899
Case Station Dyson Rechargeable Battery V6 3000Mah 電	420
Dyson HP04 Filiter (活性碳過濾網)	270
PowerSmart Dyson V8 Rechargeable Battery, 21.6V/4000mAh	698
PowerSmart Dyson Rechargeable Battery V6/DC58/DC62/DC74, 21.6V/1500mAh	298
Dyson DC46 Turbinehead	2850
Dyson Supersonic 風筒桃紅色配專用按摩梳及順髮梳	3080
Dyson Main Body (965774-01)	980
Dyson Supersonic HD01 with Platinum Presentation Case	2880
Dyson DC34	2080
Dyson Wand 延長桿 V7/V8/V10/V11	499
Dyson HEPA Post Filter 966912-03	199
Case Station Dyson Rechargeable Battery V10	999
Dyson Cyclone V10 Total Clean	4850
Dyson Supersonic 風筒 紅色禮盒	2680
Dyson DC48 Turbinehead Complete	5600
Dyson V6 Car+Boat	1990
Dyson Allergy Kit	560
Dyson V8 Motorhead	4490
Dyson Ball DC 36	4089
Dyson TP04 / DP04 Filiter (活性碳過濾網)	270
Dyson Supersonic Platinum Bag	298
河田生活 Dyson V6系列 2200mAh Battery 代用鋰電池	298
Dyson Clear bin 965660-01	409
Dyson Supersonic HD01 風筒 [紅色] (限量金盒版)	3250
Dyson BATTERY CHARGER EU 205720-03	120
Dyson BATTERY CHARGER UK 205720-01	140
Dyson Mattress tool V7/V8/V10/V11	288
Dyson V6 Top Dog HEPA  美版	1898
Case Station Dyson Rechargeable Battery V6 2200Mah 電	490
Dyson V6 Motorhead	3560
Dyson Car Tool Kit	470
Dyson DC40	999
Dyson AM03	3550
Dyson V6 HEPA	2850
Dyson GROOM KIT	398
Dyson DC36	4100
Dyson Pure Cool Link Tower Replacement Filter	530
Dyson DC48 Turbinehead	5150
Dyson DC62 Motorhead Complete	4520
河田生活 Dyson V6 V7 V8 通用替換代用HEPA 過濾網濾芯 (2支裝)	160
Dyson AM08	3660
Dyson DC63 Turbinehead	4795
Dyson Up Top Tool	239
Dyson Tangle-Free Turbine Tool	499
Dyson Mattress tool (908940-08)	270
Dyson 伸縮軟管	160
Casdon Dyson Cord-Free Vacuum 兒童玩具吸塵機	350
Dyson Cyclone 965878-01	470
Dyson Supersonic 風筒專用收納袋	280
Dyson V8 Quick Release Stubborn Dirt Brush	120
Dyson Post filter V7 V8 967478-01	299
Dyson DC31 vacuum Filter	170
Dyson V8 Handheld Toolkit	490
Dyson Flexi Crevice Tool	240
Dyson DC36 Allergy Parquet	3190
Dyson V8 Carbon Fibre	5480
Dyson AM01 10吋	2600
Dyson DC46 Carbon Fibre	4318
Dyson Car Cleaning Kit	758
Dyson Home cleaning kit	758
Dyson Mini Motorized Head V7/V8/V10/V11	530
河田生活 Dyson V8系列 3000mAh Battery 代用鋰電池	340
Dyson V8 Absolute Pro	3570
Dyson Stubborn Dirt Brush	190
Dyson Rigid Crevice Tool	160
河田生活 Dyson V8系列 3000mAh Battery 代用鋰電池	340
Dyson In-Car Charger for V6 V7 V8	250
Dyson Docking station 965876-01	299
PowerSmart Dyson DC35/DC44/DC57 Rechargeable Battery (TypeB) 22.2V/1500mAh	298
Dyson 碳纖維毛刷深層吸頭 Motorhead 967483-04 164355	880
Dyson Battery Charger UK 217160-01	140
Dyson Rigid Crevice Tool 967612-01	199
Dyson Supersonic HD01 with Platinum Bag	2809
Dyson Pre-Filter Assy #DY-923413-01 Filter	180
Dyson Mini Turbine Motorized Motorhead Brush Tool	409
Dyson V6 handheld tool kit 手持工具配件	560
Dyson DC22	5249
河田生活 Dyson V8系列 3500mAh Battery 代用鋰電池	428
Dyson DC31	2389
Dyson DC31 DC34 DC35 DC44 Li-Ion Rechargeable Battery	420
Dyson Li-Ion Rechargeable 2200mah Battery For Dyson V7 / SV11	580
Dyson Separator Tool (965691-01)	135
河田生活 Dyson V7系列 3000mAh Battery 代用鋰電池	420
PowerSmart Dyson DC35/DC44 Rechargeable Battery 22.2V/1500mAh	298
Dyson Tangle-free Turbine tool (925067-01)	499
Dyson AM01 12吋	2770
Dyson Cleaning tool kit	500
Dyson Soft Dusting Brush	220
Dyson Hard DC57	4300
Dyson Combination Tool 967482-01	199
河田生活 Dyson DC34 DC35 DC44 DC45 2500mAh Battery 代用電池 Type B	410
Dyson Pet Grooming Tool (921000-02)	398
Dyson Mini Motorized Head (966086-01)	410
Dyson Articulating hard floor tool	360
Dyson V7/V8 通用掛牆座	299
Dyson Soft Dusting Brush Tool (912697-01)	199
Dyson V8 天花吸頭 QUICK RELEASE UP TOP ADAPTOR MO	200
河田生活 Dyson DC31 DC34 DC35 DC44 系列 Battery 代用電池	410
IB Dyson Hair Dryer 專用不鏽鋼收納整理掛牆支架	390
IB Dyson Hair Dryer 專用不鏽鋼收納整理掛牆支架 (豪華版)	690
IB Dyson Hair Dryer 風筒專用不鏽鋼收納整理掛牆支架 (金色版)	690
IB Dyson Hair Dryer 風筒專用不鏽鋼收納整理掛牆支架 (金色豪華版)	890
IB Dyson 風筒專用閃石保護貼膜 (銀色閃石)	190
IB Dyson 風筒專用閃石保護貼膜 (粉紅閃石)	190
IB Dyson 風筒專用閃石保護貼膜 (黑色閃石)	190
河田生活 副廠 Dyson DC31 DC34 DC35 DC44 系列 電池充電器	135
河田生活 副廠 Dyson V6 V7 V8 系列 電池充電器 （取代205720-02）	135
河田生活 副廠 Dyson V10 CYCLONE系列 電池充電器 （取代217160-02 969350 ）	140
河田生活 後置HEPA濾網濾芯 Filter	108
Dyson V6 Absolute	-1
Dyson 360 Eye	-1
Dyson Cinetic Big Ball	-1
Dyson V6 Trigger HH08 (三吸頭組)	-1
Dyson V7 trigger Pro	-1
Dyson DC58	-1
Dyson V6 Slim	-1
Dyson DC61 Motorhead	-1
Dyson V6 Trigger+ (V6 Trigger Plus)	-1
Dyson V6 Trigger (英國版 2吸頭)	-1
Dyson V6 Total Clean 英國版	-1
Dyson V6 Animal (美版 5吸頭)	-1
Dyson V6 Trigger (美版，2吸頭)	-1
Dyson V6 Absolute+ (V6 Absolute Plus)	-1
Dyson V6 Up Top	-1
Dyson V7 Animal	-1
Dyson V8 Total Clean	-1
Dyson V6 Top Dog	-1
Dyson V6 Flexi	-1
Dyson V6 Animal (英國版 5吸頭)	-1
Dyson V6 Animal (美版 9吸頭)	-1
Dyson V6 Absolute（英版/ 包5個吸頭）	-1
